,Model,R2,RMSE,MAE,MSE
0,rf1,0.9171801833479145,145.26903073569028,73.66969521410972,21103.09129088693
1,rf3,0.8656723768592673,185.00717496531968,90.54036825068809,34227.65478864841
2,lightgbm,0.8374990782521325,203.48566549584353,139.65716109323205,41406.41606228633
3,xgboost,0.8346175894354575,205.281855890854,142.40410274412574,42140.64035799335
4,model_tree,0.8284600200206185,209.0684906999955,99.56849992029333,43709.6338035741
5,lasso,0.04641909331124072,492.92935243977155,328.3236708487868,242979.3464966925
6,elasticenet,0.04633568732532345,492.9509092680254,328.3518047121709,243000.598948173
7,ridge,0.037305425909847534,495.27929009478197,332.8256153352226,245301.57519679118
