,Model,Accuracy_Score,Precision_Score,F1_Score,Recall_Score,Jaccard_Score,Matthews_corrcoef_Score
0,RanFor,0.8,0.825,0.8066666666666669,0.8666666666666666,0.7083333333333333,0.7077760731311632
1,Tree_2,0.7,0.4916666666666667,0.6666666666666667,0.6166666666666667,0.41666666666666663,0.5397505397508097
2,KNN,0.6,0.5,0.625,0.5666666666666667,0.35833333333333334,0.47140452079103173
3,Tree_1,0.6,0.6875,0.6316666666666666,0.7333333333333334,0.42083333333333334,0.5378528742004771
4,SVM,0.6,0.4375,0.5714285714285714,0.5666666666666667,0.35,0.40625
5,LogReg,0.6,0.4375,0.5714285714285714,0.5666666666666667,0.35,0.40625
6,KNN2,0.5,0.5,0.523809523809524,0.5166666666666666,0.325,0.3535533905932738
