,Model,R2,RMSE,MAE,MSE
0,rf1,0.8831580210741367,564.7827871778106,326.4864251755604,318979.59669233614
1,rf3,0.7695495049623593,793.1782979811226,585.5690005985526,629131.8123882305
2,xgboost,0.6979935021104902,908.0089807121196,644.6923772950225,824480.3090538625
3,lightgbm,0.6366702637598343,995.9383874312502,749.9621712976839,991893.2715591592
4,model_tree,0.6258453908411092,1010.6657542123583,604.1035956873197,1021445.2667376349
5,lasso,0.5785496060971285,1072.6430727577301,840.574860391581,1150563.1615351452
6,elasticenet,0.5785494671841742,1072.64324953299,840.5746214761276,1150563.5407686925
7,ridge,0.5182580826140455,1146.8040519953536,948.804677767366,1315159.5336729616
