,Model,R2,RMSE,MAE,MSE
0,model_tree,0.8891394949820447,181.25988204132236,81.8663751104798,32855.14483763409
1,rf1,0.8706813786331818,195.76894469124997,115.33715173192844,38325.47970552569
2,xgboost,0.7740157078751289,258.792921399788,194.82378620858722,66973.77616663683
3,rf3,0.7291398193020255,283.3256205375735,188.48423971939928,80273.40725300109
4,lightgbm,0.5728610370803582,355.7933783011391,274.7507340618657,126588.92804293748
5,elasticenet,0.4908017528649242,388.46931222674647,306.8535606282005,150908.40654192143
6,lasso,0.4908010711475477,388.4695722690711,306.85393899116076,150908.60857891504
7,ridge,0.3872603406714443,426.1389800658215,348.0122410088543,181594.43033153864
