,Model,Accuracy_Score,Precision_Score,F1_Score,Recall_Score,Jaccard_Score,Matthews_corrcoef_Score
0,RanFor,0.8,0.7,0.7761904761904761,0.75,0.65,0.7641837697680016
1,Tree_1,0.6,0.5,0.5933333333333334,0.4642857142857143,0.39285714285714285,0.5733843030923649
2,SVM,0.5,0.5166666666666666,0.4766666666666667,0.55,0.35666666666666663,0.43072176114196453
3,KNN,0.4,0.38888888888888884,0.4066666666666666,0.375,0.2222222222222222,0.2989282658232709
4,KNN2,0.4,0.4047619047619047,0.44000000000000006,0.32142857142857145,0.2619047619047619,0.3080976995778581
5,Tree_2,0.4,0.5166666666666666,0.41,0.45,0.25666666666666665,0.301398143393155
6,LogReg,0.3,0.2916666666666667,0.29333333333333333,0.2916666666666667,0.15833333333333333,0.1733487427953661
