,Model,R2,RMSE,MAE,MSE
0,rf1,0.8824741052562528,561.3557095768413,324.858753688907,315120.23267451895
1,rf3,0.7677714603330524,789.0947550341697,582.8950871448186,622670.5324224363
2,xgboost,0.6918240546424352,909.0143298563894,647.9951451283116,826307.0518842606
3,lightgbm,0.6297517120257191,996.3636860166374,752.6502391952934,992740.5948126604
4,model_tree,0.6186709623042612,1011.1633029790803,605.856346346722,1022451.2252915633
5,lasso,0.5656036187818154,1079.2311214360416,845.7815788194275,1164739.8134760957
6,elasticenet,0.5656034961693948,1079.231273747544,845.7813521816103,1164740.1422347461
7,ridge,0.5031493139454992,1154.2086056558092,953.3257344349211,1332197.5053699273
