,Model,R2,RMSE,MAE,MSE
0,rf1,0.9489927874324857,49.94611908182645,27.37353515433891,2494.6148113359886
1,rf3,0.9358414710711462,56.01613648651481,36.34242345782877,3137.807546875856
2,model_tree,0.929426163501343,58.74999260760207,31.876256613756627,3451.5616313932974
3,xgboost,0.6081281236652295,138.43885574006504,100.3403958064609,19165.31677861854
4,lightgbm,0.4749095489956001,160.25183568974978,117.28678655813162,25680.650841934566
5,lasso,0.16040251279713158,202.63829277739285,132.8996931407348,41062.27769973638
6,elasticenet,0.16037735851733492,202.6413282689315,132.9326875040996,41063.50792259685
7,ridge,0.15631402570069408,203.13107527961165,136.41301565327842,41262.23374425125
