,Model,R2,RMSE,MAE,MSE
0,model_tree,0.9435448010247107,194.7920238237705,76.44724077512933,37943.932545360374
1,rf1,0.9296906679583957,217.3830533843261,131.5355448888225,47255.391898692775
2,xgboost,0.8952762793666679,265.3027369451124,192.57536441378477,70385.54223056749
3,rf3,0.8665636248594435,299.4720644086951,215.80202013041438,89683.51736120561
4,lightgbm,0.8323721625904464,335.65434208197274,260.02696000328183,112663.83735848198
5,lasso,0.7863695172838407,378.9228625484363,291.28116189633954,143582.53576190112
6,elasticenet,0.7863694573814483,378.9229156737771,291.28119751265353,143582.57602271638
7,ridge,0.7133290943916335,438.9459110737268,325.69685138517485,192673.51284834408
